{"RuleTriggered": 0, "Violations": 435, "Details": {"low_gpu_utilization": 829, "bottlenecks": {"1648039016.179832": {"GPUs": 1, "CPUs": 4}, "1648039016.669263": {"GPUs": 1, "CPUs": 4}, "1648039017.192438": {"GPUs": 1, "CPUs": 4}, "1648039018.018918": {"GPUs": 1, "CPUs": 4}, "1648039018.170282": {"GPUs": 1, "CPUs": 4}, "1648039018.679084": {"GPUs": 1, "CPUs": 4}, "1648039019.758177": {"GPUs": 1, "CPUs": 8}, "1648039020.215702": {"GPUs": 1, "CPUs": 4}, "1648039020.695697": {"GPUs": 1, "CPUs": 4}, "1648039021.185835": {"GPUs": 1, "CPUs": 4}, "1648039021.6831": {"GPUs": 1, "CPUs": 4}, "1648039022.218184": {"GPUs": 1, "CPUs": 4}, "1648039022.744843": {"GPUs": 1, "CPUs": 4}, "1648039024.195334": {"GPUs": 1, "CPUs": 4}, "1648039024.685866": {"GPUs": 1, "CPUs": 4}, "1648039025.173171": {"GPUs": 1, "CPUs": 4}, "1648039025.670637": {"GPUs": 1, "CPUs": 4}, "1648039026.167883": {"GPUs": 1, "CPUs": 4}, "1648039027.167042": {"GPUs": 1, "CPUs": 3}, "1648039027.668043": {"GPUs": 1, "CPUs": 3}, "1648039028.167334": {"GPUs": 1, "CPUs": 4}, "1648039028.67259": {"GPUs": 1, "CPUs": 4}, "1648039029.168287": {"GPUs": 1, "CPUs": 4}, "1648039029.673547": {"GPUs": 1, "CPUs": 4}, "1648039030.181052": {"GPUs": 1, "CPUs": 4}, "1648039030.667042": {"GPUs": 1, "CPUs": 4}, "1648039031.198083": {"GPUs": 1, "CPUs": 4}, "1648039031.676838": {"GPUs": 1, "CPUs": 3}, "1648039032.167383": {"GPUs": 1, "CPUs": 4}, "1648039032.670276": {"GPUs": 1, "CPUs": 3}, "1648039033.186233": {"GPUs": 1, "CPUs": 2}, "1648039033.667042": {"GPUs": 1, "CPUs": 3}, "1648039034.167783": {"GPUs": 1, "CPUs": 4}, "1648039034.677116": {"GPUs": 1, "CPUs": 3}, "1648039035.677062": {"GPUs": 1, "CPUs": 4}, "1648039036.172985": {"GPUs": 1, "CPUs": 4}, "1648039036.667731": {"GPUs": 1, "CPUs": 3}, "1648039037.16708": {"GPUs": 1, "CPUs": 1}, "1648039037.667364": {"GPUs": 1, "CPUs": 1}, "1648039038.170128": {"GPUs": 1, "CPUs": 4}, "1648039038.667047": {"GPUs": 1, "CPUs": 4}, "1648039039.167062": {"GPUs": 1, "CPUs": 1}, "1648039039.667059": {"GPUs": 1, "CPUs": 1}, "1648039040.16705": {"GPUs": 1, "CPUs": 2}, "1648039040.667119": {"GPUs": 1, "CPUs": 3}, "1648039041.167575": {"GPUs": 1, "CPUs": 2}, "1648039041.667696": {"GPUs": 1, "CPUs": 1}, "1648039042.167071": {"GPUs": 1, "CPUs": 2}, "1648039043.167513": {"GPUs": 1, "CPUs": 3}, "1648039043.669024": {"GPUs": 1, "CPUs": 2}, "1648039044.715405": {"GPUs": 1, "CPUs": 1}, "1648039047.667051": {"GPUs": 1, "CPUs": 1}, "1648039048.167022": {"GPUs": 1, "CPUs": 1}, "1648039048.667054": {"GPUs": 1, "CPUs": 1}, "1648039049.167409": {"GPUs": 1, "CPUs": 1}, "1648039049.667023": {"GPUs": 1, "CPUs": 2}, "1648039050.167931": {"GPUs": 1, "CPUs": 2}, "1648039050.667045": {"GPUs": 1, "CPUs": 2}, "1648039051.167035": {"GPUs": 1, "CPUs": 2}, "1648039051.667799": {"GPUs": 1, "CPUs": 2}, "1648039056.667434": {"GPUs": 1, "CPUs": 2}, "1648039057.168548": {"GPUs": 1, "CPUs": 1}, "1648039058.167127": {"GPUs": 1, "CPUs": 1}, "1648039058.667032": {"GPUs": 1, "CPUs": 2}, "1648039059.19579": {"GPUs": 1, "CPUs": 4}, "1648039059.66833": {"GPUs": 1, "CPUs": 4}, "1648039060.171434": {"GPUs": 1, "CPUs": 4}, "1648039060.667314": {"GPUs": 1, "CPUs": 4}, "1648039061.167044": {"GPUs": 1, "CPUs": 2}, "1648039061.667008": {"GPUs": 1, "CPUs": 3}, "1648039062.167044": {"GPUs": 1, "CPUs": 1}, "1648039062.667046": {"GPUs": 1, "CPUs": 1}, "1648039063.167021": {"GPUs": 1, "CPUs": 2}, "1648039064.667037": {"GPUs": 1, "CPUs": 1}, "1648039065.169335": {"GPUs": 1, "CPUs": 3}, "1648039065.67059": {"GPUs": 1, "CPUs": 3}, "1648039066.171054": {"GPUs": 1, "CPUs": 2}, "1648039066.669577": {"GPUs": 1, "CPUs": 4}, "1648039067.167024": {"GPUs": 1, "CPUs": 1}, "1648039068.171043": {"GPUs": 1, "CPUs": 1}, "1648039069.168223": {"GPUs": 1, "CPUs": 2}, "1648039070.167019": {"GPUs": 1, "CPUs": 3}, "1648039070.668824": {"GPUs": 1, "CPUs": 3}, "1648039071.167115": {"GPUs": 1, "CPUs": 2}, "1648039074.167052": {"GPUs": 1, "CPUs": 2}, "1648039074.667228": {"GPUs": 1, "CPUs": 1}, "1648039075.167096": {"GPUs": 1, "CPUs": 1}, "1648039076.167033": {"GPUs": 1, "CPUs": 1}, "1648039076.667027": {"GPUs": 1, "CPUs": 1}, "1648039077.167026": {"GPUs": 1, "CPUs": 2}, "1648039077.667135": {"GPUs": 1, "CPUs": 2}, "1648039078.16778": {"GPUs": 1, "CPUs": 2}, "1648039078.667083": {"GPUs": 1, "CPUs": 2}, "1648039079.669658": {"GPUs": 1, "CPUs": 4}, "1648039080.668388": {"GPUs": 1, "CPUs": 2}, "1648039082.667037": {"GPUs": 1, "CPUs": 1}, "1648039086.16703": {"GPUs": 1, "CPUs": 1}, "1648039086.668598": {"GPUs": 1, "CPUs": 1}, "1648039087.667471": {"GPUs": 1, "CPUs": 2}, "1648039088.677627": {"GPUs": 1, "CPUs": 1}, "1648039089.326092": {"GPUs": 1, "CPUs": 3}, "1648039089.668708": {"GPUs": 1, "CPUs": 2}, "1648039094.167027": {"GPUs": 1, "CPUs": 1}, "1648039094.669632": {"GPUs": 1, "CPUs": 1}, "1648039095.170125": {"GPUs": 1, "CPUs": 1}, "1648039095.667112": {"GPUs": 1, "CPUs": 2}, "1648039097.667043": {"GPUs": 1, "CPUs": 1}, "1648039098.167036": {"GPUs": 1, "CPUs": 1}, "1648039098.667012": {"GPUs": 1, "CPUs": 1}, "1648039100.167033": {"GPUs": 1, "CPUs": 1}, "1648039100.667012": {"GPUs": 1, "CPUs": 1}, "1648039101.16703": {"GPUs": 1, "CPUs": 1}, "1648039101.667593": {"GPUs": 1, "CPUs": 1}, "1648039102.667024": {"GPUs": 1, "CPUs": 1}, "1648039103.167031": {"GPUs": 1, "CPUs": 1}, "1648039103.667024": {"GPUs": 1, "CPUs": 1}, "1648039104.667783": {"GPUs": 1, "CPUs": 1}, "1648039105.167045": {"GPUs": 1, "CPUs": 1}, "1648039105.667025": {"GPUs": 1, "CPUs": 1}, "1648039106.167757": {"GPUs": 1, "CPUs": 1}, "1648039111.667413": {"GPUs": 1, "CPUs": 1}, "1648039112.178073": {"GPUs": 1, "CPUs": 3}, "1648039112.667017": {"GPUs": 1, "CPUs": 2}, "1648039117.66881": {"GPUs": 1, "CPUs": 1}, "1648039118.167027": {"GPUs": 1, "CPUs": 1}, "1648039118.667075": {"GPUs": 1, "CPUs": 2}, "1648039119.167021": {"GPUs": 1, "CPUs": 2}, "1648039120.167034": {"GPUs": 1, "CPUs": 1}, "1648039120.66702": {"GPUs": 1, "CPUs": 1}, "1648039121.167068": {"GPUs": 1, "CPUs": 1}, "1648039121.667047": {"GPUs": 1, "CPUs": 1}, "1648039122.167026": {"GPUs": 1, "CPUs": 1}, "1648039129.167027": {"GPUs": 1, "CPUs": 1}, "1648039129.66722": {"GPUs": 1, "CPUs": 2}, "1648039135.167039": {"GPUs": 1, "CPUs": 1}, "1648039138.167039": {"GPUs": 1, "CPUs": 2}, "1648039138.667044": {"GPUs": 1, "CPUs": 2}, "1648039139.167059": {"GPUs": 1, "CPUs": 2}, "1648039139.667026": {"GPUs": 1, "CPUs": 2}, "1648039140.167021": {"GPUs": 1, "CPUs": 2}, "1648039140.667117": {"GPUs": 1, "CPUs": 2}, "1648039141.167045": {"GPUs": 1, "CPUs": 1}, "1648039141.667036": {"GPUs": 1, "CPUs": 1}, "1648039142.167045": {"GPUs": 1, "CPUs": 1}, "1648039142.667051": {"GPUs": 1, "CPUs": 2}, "1648039143.167031": {"GPUs": 1, "CPUs": 2}, "1648039143.66703": {"GPUs": 1, "CPUs": 3}, "1648039144.167145": {"GPUs": 1, "CPUs": 2}, "1648039144.667026": {"GPUs": 1, "CPUs": 2}, "1648039145.167042": {"GPUs": 1, "CPUs": 2}, "1648039158.168934": {"GPUs": 1, "CPUs": 1}, "1648039158.667048": {"GPUs": 1, "CPUs": 1}, "1648039159.167032": {"GPUs": 1, "CPUs": 1}, "1648039163.167049": {"GPUs": 1, "CPUs": 1}, "1648039164.667025": {"GPUs": 1, "CPUs": 1}, "1648039168.66793": {"GPUs": 1, "CPUs": 1}, "1648039169.667664": {"GPUs": 1, "CPUs": 1}, "1648039170.167699": {"GPUs": 1, "CPUs": 1}, "1648039171.667659": {"GPUs": 1, "CPUs": 1}, "1648039172.667125": {"GPUs": 1, "CPUs": 1}, "1648039173.167756": {"GPUs": 1, "CPUs": 1}, "1648039177.167177": {"GPUs": 1, "CPUs": 1}, "1648039177.667035": {"GPUs": 1, "CPUs": 1}, "1648039178.167034": {"GPUs": 1, "CPUs": 1}, "1648039178.667043": {"GPUs": 1, "CPUs": 1}, "1648039179.167049": {"GPUs": 1, "CPUs": 1}, "1648039179.667028": {"GPUs": 1, "CPUs": 1}, "1648039182.667705": {"GPUs": 1, "CPUs": 1}, "1648039183.167025": {"GPUs": 1, "CPUs": 1}, "1648039184.167061": {"GPUs": 1, "CPUs": 1}, "1648039185.167058": {"GPUs": 1, "CPUs": 1}, "1648039185.667598": {"GPUs": 1, "CPUs": 1}, "1648039186.167047": {"GPUs": 1, "CPUs": 1}, "1648039186.667025": {"GPUs": 1, "CPUs": 1}, "1648039188.671562": {"GPUs": 1, "CPUs": 1}, "1648039190.167027": {"GPUs": 1, "CPUs": 1},