{"RuleTriggered": 0, "Violations": 50, "Details": {"low_gpu_utilization": 829, "bottlenecks": {"1648039039.667059": {"GPUs": 1, "CPUs": 1}, "1648039048.167022": {"GPUs": 1, "CPUs": 1}, "1648039049.667023": {"GPUs": 1, "CPUs": 1}, "1648039050.167931": {"GPUs": 1, "CPUs": 1}, "1648039050.667045": {"GPUs": 1, "CPUs": 2}, "1648039051.167035": {"GPUs": 1, "CPUs": 1}, "1648039051.667799": {"GPUs": 1, "CPUs": 1}, "1648039062.667046": {"GPUs": 1, "CPUs": 1}, "1648039074.167052": {"GPUs": 1, "CPUs": 2}, "1648039076.667027": {"GPUs": 1, "CPUs": 1}, "1648039077.167026": {"GPUs": 1, "CPUs": 1}, "1648039077.667135": {"GPUs": 1, "CPUs": 2}, "1648039078.16778": {"GPUs": 1, "CPUs": 2}, "1648039078.667083": {"GPUs": 1, "CPUs": 1}, "1648039094.669632": {"GPUs": 1, "CPUs": 1}, "1648039099.667033": {"GPUs": 1, "CPUs": 1}, "1648039100.167033": {"GPUs": 1, "CPUs": 1}, "1648039102.169273": {"GPUs": 1, "CPUs": 1}, "1648039103.167031": {"GPUs": 1, "CPUs": 1}, "1648039104.167015": {"GPUs": 1, "CPUs": 1}, "1648039104.667783": {"GPUs": 1, "CPUs": 1}, "1648039105.167045": {"GPUs": 1, "CPUs": 2}, "1648039105.667025": {"GPUs": 1, "CPUs": 1}, "1648039117.66881": {"GPUs": 1, "CPUs": 1}, "1648039118.167027": {"GPUs": 1, "CPUs": 1}, "1648039118.667075": {"GPUs": 1, "CPUs": 2}, "1648039119.167021": {"GPUs": 1, "CPUs": 3}, "1648039120.167034": {"GPUs": 1, "CPUs": 1}, "1648039120.66702": {"GPUs": 1, "CPUs": 1}, "1648039121.167068": {"GPUs": 1, "CPUs": 1}, "1648039121.667047": {"GPUs": 1, "CPUs": 1}, "1648039122.167026": {"GPUs": 1, "CPUs": 2}, "1648039138.167039": {"GPUs": 1, "CPUs": 2}, "1648039138.667044": {"GPUs": 1, "CPUs": 2}, "1648039139.167059": {"GPUs": 1, "CPUs": 2}, "1648039139.667026": {"GPUs": 1, "CPUs": 2}, "1648039140.167021": {"GPUs": 1, "CPUs": 2}, "1648039140.667117": {"GPUs": 1, "CPUs": 2}, "1648039141.167045": {"GPUs": 1, "CPUs": 2}, "1648039141.667036": {"GPUs": 1, "CPUs": 1}, "1648039142.167045": {"GPUs": 1, "CPUs": 2}, "1648039142.667051": {"GPUs": 1, "CPUs": 2}, "1648039143.167031": {"GPUs": 1, "CPUs": 2}, "1648039143.66703": {"GPUs": 1, "CPUs": 3}, "1648039144.167145": {"GPUs": 1, "CPUs": 2}, "1648039144.667026": {"GPUs": 1, "CPUs": 2}, "1648039179.667028": {"GPUs": 1, "CPUs": 1}, "1648039180.667768": {"GPUs": 1, "CPUs": 1}, "1648039183.667073": {"GPUs": 1, "CPUs": 1}, "1648039191.667064": {"GPUs": 1, "CPUs": 1}}}, "Datapoints": 1015, "RuleParameters": "threshold:50\nio_threshold:50\ngpu_threshold:10\npatience:1000"}