{"RuleTriggered": 0, "Violations": 0, "Details": {"step_num": {"first": 1648039165097516, "last": 1648039499380323}, "job_start": 1648039015.670749, "job_end": 1648039499.668079}, "Datapoints": 113, "RuleParameters": "threshold:20"}