{"RuleTriggered": 0, "Violations": 0, "Details": {"ratio": {"gpu_functions-dev:0": 53.252308385286696, "cpu_functions": 46.7476916147133}, "phase": {"Step:ModeKeys.TRAIN": 33.86995200427626, "others": 55.56109555861346, "Step:ModeKeys.EVAL": 10.568952437110282}, "phase_time": {}, "CPU": {"conv2d": 14.211113484249497, "convolution": 13.817406517980785, "_convolution": 13.57904026534652, "cudnn_convolution": 10.961521306917325, "batch_norm": 2.7689048498066198, "to": 19.262020610578244, "copy_": 20.3855356271964, "addmm": 2.6301368997008927, "torch::autograd::AccumulateGrad": 2.3843204382237095}, "CPU_total": {"conv2d": 3866459, "convolution": 3759342, "_convolution": 3694489, "cudnn_convolution": 2982333, "batch_norm": 753344, "to": 5240674, "copy_": 5546352, "addmm": 715589, "torch::autograd::AccumulateGrad": 648709}, "GPU": {"conv2d": 14.731836818276639, "convolution": 14.722366644062435, "_convolution": 14.715866066410516, "cudnn_convolution": 14.656844138603287, "batch_norm": 2.6026265140636395, "_batch_norm_impl_index": 2.596712838417585, "cudnn_batch_norm": 2.5564494470043435, "to": 16.21616940543637, "copy_": 17.201128127725184}, "GPU_total": {"conv2d": 4618587, "convolution": 4615618, "_convolution": 4613580, "cudnn_convolution": 4595076, "batch_norm": 815951, "_batch_norm_impl_index": 814097, "cudnn_batch_norm": 801474, "to": 5083941, "copy_": 5392736}, "general": {"Forward": 100.0}}, "Datapoints": 0, "RuleParameters": ""}