{"RuleTriggered": 0, "Violations": 0, "Details": {"step_details": {"algo-1-27": {"step_stats": {"mean": 0.6723731226415095, "max": 25.532984, "p99": 4.77974705, "p95": 4.653778, "p50": 0.0240355, "min": 0.020801}, "number_of_outliers": 1, "phase": "Step:ModeKeys.TRAIN", "stddev": 2.74, "probs": [95, 0, 0, 0, 0, 0, 0, 0, 0, 0, 0, 0, 0, 0, 0, 0, 0, 0, 0, 0, 0, 0, 0, 0, 0, 0, 0, 0, 0, 0, 0, 0, 0, 0, 0, 0, 0, 0, 0, 0, 0, 0, 0, 0, 0, 1, 0, 0, 0, 0, 0, 0, 0, 0, 0, 0, 0, 0, 0, 0, 0, 0, 0, 0, 0, 0, 0, 0, 0, 0, 0, 0, 0, 0, 0, 0, 0, 0, 0, 0, 0, 0, 0, 0, 0, 0, 0, 0, 1, 0, 0, 1, 0, 1, 0, 0, 0, 3, 1, 2], "binedges": [0.020801, 0.06840557, 0.11601014000000001, 0.16361471, 0.21121928, 0.25882385, 0.30642842000000003, 0.35403299000000005, 0.40163756000000006, 0.4492421300000001, 0.4968467000000001, 0.54445127, 0.59205584, 0.6396604100000001, 0.68726498, 0.7348695500000001, 0.78247412, 0.83007869, 0.8776832600000001, 0.92528783, 0.9728924000000001, 1.0204969700000002, 1.0681015400000002, 1.1157061100000003, 1.1633106800000002, 1.2109152500000002, 1.2585198200000003, 1.3061243900000001, 1.3537289600000002, 1.4013335300000003, 1.4489381000000003, 1.4965426700000002, 1.5441472400000003, 1.5917518100000003, 1.6393563800000002, 1.6869609500000002, 1.7345655200000003, 1.7821700900000004, 1.8297746600000002, 1.8773792300000003, 1.9249838000000004, 1.9725883700000002, 2.0201929400000003, 2.06779751, 2.1154020800000004, 2.1630066500000003, 2.2106112200000005, 2.2582157900000004, 2.3058203600000002, 2.3534249300000005, 2.4010295000000004, 2.44863407, 2.4962386400000005, 2.5438432100000004, 2.59144778, 2.6390523500000005, 2.6866569200000003, 2.73426149, 2.7818660600000005, 2.8294706300000003, 2.8770752000000006, 2.9246797700000005, 2.9722843400000003, 3.0198889100000006, 3.0674934800000004, 3.1150980500000003, 3.1627026200000006, 3.2103071900000004, 3.2579117600000003, 3.3055163300000006, 3.3531209000000004, 3.4007254700000007, 3.4483300400000005, 3.4959346100000004, 3.5435391800000007, 3.5911437500000005, 3.6387483200000004, 3.6863528900000007, 3.7339574600000005, 3.7815620300000004, 3.8291666000000006, 3.8767711700000005, 3.9243757400000003, 3.9719803100000006, 4.01958488, 4.06718945, 4.11479402, 4.1623985900000005, 4.21000316, 4.25760773, 4.3052123, 4.35281687, 4.400421440000001, 4.44802601, 4.49563058, 4.54323515, 4.59083972, 4.63844429, 4.6860488600000005, 4.73365343, 4.781258], "step_numbers": ["0"]}}}, "Datapoints": 113, "RuleParameters": "threshold:3\nmode:None\nn_outliers:10\nstddev:3"}